グループ名,勢力,デビュー日,公式HP,X,Instagram,TikTok,YouTube,所属・運営,プロジェクト,レーベル,ライブ規模・実績,現役メンバー数,現役メンバー,Power,Growth,Tier,評価根拠,検証状態,情報源,最終確認日
乃木坂46,坂道シリーズ,2012-02-22,https://www.nogizaka46.com/,https://x.com/nogizaka46,https://www.instagram.com/nogizaka46_official/,https://www.tiktok.com/@nogizaka46_official,https://www.youtube.com/channel/UCUzpZpX2wRYOk3J8QTFGxDg,乃木坂46合同会社,坂道シリーズ,Sony Music Labels / N46Div.,"東京ドーム3days（14th YEAR BIRTHDAY LIVE, 2026-05-19〜21）。真夏の全国ツアー2026も開催。",33,愛宕心響 / 五百城茉央 / 池田瑛紗 / 一ノ瀬美空 / 伊藤理々杏 / 井上和 / 岩本蓮加 / 遠藤さくら / 大越ひなの / 岡本姫奈 / 小川彩 / 奥田いろは / 小津玲奈 / 海邉朱莉 / 賀喜遥香 / 金川紗耶 / 川﨑桜 / 川端晃菜 / 黒見明香 / 柴田柚菜 / 菅原咲月 / 鈴木佑捺 / 瀬戸口心月 / 田村真佑 / 筒井あやめ / 冨里奈央 / 長嶋凛桜 / 中西アルノ / 林瑠奈 / 増田三莉音 / 森平麗心 / 矢田萌華 / 弓木奈於,97,74,SSS,東京ドーム3daysを成立させる国内トップ級の動員・ブランド力、継続的な全国ツアー、Sony系IP/メディア露出を最高水準と評価。一方、Growthは超大型既存IPのため新興勢力ほどの伸び率は付けず74。,verified,https://www.nogizaka46.com/ | https://sp.nogizaka46.com/p/members | https://www.nogizaka46.com/s/n46/page/14th_birthday_live,2026-08-26
=LOVE,イコノイジョイ,2017-09-06,https://equal-love.jp/,https://x.com/Equal_LOVE_12,https://www.instagram.com/equal_love.official/,https://www.tiktok.com/@equal_love_12,https://www.youtube.com/@equallove_,代々木アニメーション学院,イコノイジョイ / 指原莉乃プロデュース,SACRA MUSIC / Sony Music Labels,MUFGスタジアム（国立競技場）2days「Beyond KYUN」（2026-06-20〜21）。スタジアム級へ到達。,10,大谷映美里 / 大場花菜 / 音嶋莉沙 / 齋藤樹愛羅 / 佐々木舞香 / 髙松瞳 / 瀧脇笙古 / 野口衣織 / 諸橋沙夏 / 山本杏奈,96,97,SSS,2026年に国立競技場2daysへ到達。楽曲の一般層浸透、ストリーミング/SNS、メディア露出、イコノイジョイ全体のIP拡張が同時進行しており、PowerとGrowthの双方が最上位。,verified,https://equal-love.jp/ | https://equal-love.jp/feature/profile | https://equal-love.jp/feature/stadium2026,2026-08-26
iLiFE!,HEROINES,2020-07-19,https://ilife-heroines.com/,https://x.com/iLiFE_official,https://www.instagram.com/ilife.idol/,https://www.tiktok.com/@ilife_official,https://www.youtube.com/channel/UChVflUz2J_jaaqYjXqvpmQA,株式会社imaginate,HEROINES,日本コロムビア,Kアリーナ横浜『MEGALiFE!』（2026-08-26）。日本武道館SOLD OUT実績、Zepp全国ツアー。現行HEROINES最上位の単独会場規模。,9,あいす / 空詩かれん / 心花りり / 福丸うさ / 若葉のあ / 虹羽みに / 小熊まむ / 純嶺みき / 真守みゅう,96,98,SSS,Kアリーナ単独・武道館即完・SNS/IPの強さと2025→26の会場拡大を最上位評価。,verified,https://ilife-heroines.com/ | https://heroines.jp/news/public/_/4psutre230zritj5.html | https://www.imaginate.jp/artist/ | https://ilife-heroines.com/profile/ | https://heroines.jp/news/public/_/2glt30y2t9f2aa94.html | https://heroines.jp/news/public/_/7hqu4xr32jbrr5k4.html,2026-08-26
櫻坂46,坂道シリーズ,2020-12-09,https://sakurazaka46.com/,https://x.com/sakurazaka46,https://www.instagram.com/sakurazaka46jp/,https://www.tiktok.com/@sakurazaka46.officialtk,https://www.youtube.com/channel/UCmr9bYmymcBmQ1p2tLBRvwg,Seed & Flower合同会社,坂道シリーズ,Sony Music Labels,MUFGスタジアム（国立競技場）2daysの5th YEAR ANNIVERSARY LIVEで計14万人規模。2026 ARENA TOURも展開。,32,浅井恋乃未 / 石森璃花 / 稲熊ひな / 遠藤光莉 / 遠藤理子 / 大園玲 / 大沼晶保 / 小田倉麗奈 / 勝又春 / 小池美波 / 幸阪茉里乃 / 小島凪紗 / 佐藤愛桜 / 谷口愛季 / 田村保乃 / 中川智尋 / 中嶋優月 / 藤吉夏鈴 / 増本綺良 / 松田里奈 / 松本和子 / 的野美青 / 向井純葉 / 村井優 / 村山美羽 / 目黒陽色 / 森田ひかる / 守屋麗奈 / 山川宇衣 / 山﨑天 / 山下瞳月 / 山田桃実,96,92,SSS,国立競技場2days・計14万人級という圧倒的ライブ規模、全国アリーナツアー、海外展開・作品の強さを高評価。既に大型IPながら2026年も会場・動員が伸びておりGrowth 92。,verified,https://sakurazaka46.com/ | https://sakurazaka46.com/s/s46/search/artist | https://sakurazaka46.com/s/s46/page/5th_anniversary,2026-08-26
ももいろクローバーZ,STARDUST,2010-05-05,https://www.momoclo.net/,https://x.com/mcz517_official,https://www.instagram.com/mcz517_official/,https://www.tiktok.com/@mcz517_official,https://www.youtube.com/@momoclo,スターダストプロモーション,STAR PLANET,EVIL LINE RECORDS / KING RECORDS,2014年国立競技場単独・ドームツアー等。2026年も横浜アリーナ2days等の大型公演を継続。,4,百田夏菜子 / 玉井詩織 / 佐々木彩夏 / 高城れに,95,55,SSS,国立・ドーム級実績、全国知名度、メディア・IP・継続性が最上位。成熟ブランドのためGrowthは低め。,verified,https://www.stardust.co.jp/talent/starplanet/momoclo/ | https://www.kingrecords.co.jp/cs/artist/artist.aspx?artist=40072 | https://www.momoclo.net/ | https://evilamag.com/news/post/12158/,2026-08-26
超ときめき♡宣伝部,STARDUST,2015-04-11,https://toki-sen.com/,https://x.com/sendenbu_staff,https://www.instagram.com/tokisen_sd/,https://www.tiktok.com/@tokisen_official,https://www.youtube.com/@TOKISEN,スターダストプロモーション 第三事業部,STAR PLANET,avex trax,2026全国ホール〜アリーナツアー。ぴあアリーナ2days、GLION ARENA KOBE、日本武道館、有明アリーナ。2024さいたまスーパーアリーナ全席完売。,5,辻野かなみ / 小泉遥香 / 坂井仁香 / 吉川ひより / 菅田愛貴,95,92,SSS,アリーナ・武道館・有明への拡大と『超最強』TikTok25億再生の一般層浸透を最上位評価。,verified,https://www.stardust.co.jp/talent/section3/sendenbu/ | https://toki-sen.com/ | https://avexnet.jp/,2026-08-26
≠ME,イコノイジョイ,2021-04-07,https://not-equal-me.jp/,https://x.com/Notequal_ME,https://www.instagram.com/notequal_me.official/,https://www.tiktok.com/@notequal_me,https://www.youtube.com/channel/UCBmvHfXdGCvi_b6lFeU-E1Q,代々木アニメーション学院,イコノイジョイ / 指原莉乃プロデュース,KING RECORDS,Kアリーナ横浜7周年公演（2026-02-23）＋初のアリーナツアー、横浜アリーナ3公演など。,11,尾木波菜 / 落合希来里 / 蟹沢萌子 / 河口夏音 / 川中子奈月心 / 櫻井もも / 鈴木瞳美 / 谷崎早耶 / 冨田菜々風 / 永田詩央里 / 本田珠由記,91,93,SS,Kアリーナから横浜アリーナ複数公演を含むアリーナツアーへ拡大。楽曲・SNS・メディアの伸長も強く、Powerは既にSS、Growthは93と評価。,verified,https://not-equal-me.jp/ | https://not-equal-me.jp/feature/profile | https://not-equal-me.jp/feature/7th_anniversary,2026-08-26
日向坂46,坂道シリーズ,2019-03-27,https://www.hinatazaka46.com/,https://x.com/hinatazaka46,https://www.instagram.com/hinatazaka46/,https://www.tiktok.com/@hinatazakanews,https://www.youtube.com/channel/UCR0V48DJyWbwEAdxLL5FjxA,Seed & Flower合同会社,坂道シリーズ,Sony Music Labels,横浜スタジアム2days「7回目のひな誕祭」（2026-04-04〜05）。2026年はアリーナツアーも展開。,27,石塚瑶季 / 大田美月 / 大野愛実 / 片山紗希 / 金村美玖 / 上村ひなの / 蔵盛妃那乃 / 小坂菜緒 / 小西夏菜実 / 坂井新奈 / 佐藤優羽 / 清水理央 / 下田衣珠季 / 正源司陽子 / 高井俐香 / 髙橋未来虹 / 竹内希来里 / 鶴崎仁香 / 平尾帆夏 / 平岡海月 / 藤嶌果歩 / 松尾桜 / 宮地すみれ / 森本茉莉 / 山口陽世 / 山下葉留花 / 渡辺莉奈,91,78,SS,横浜スタジアム2daysを維持する大規模動員、全国アリーナツアー、坂道ブランドのIP力を高評価。世代交代期でも大型会場を維持しておりGrowth 78。,verified,https://www.hinatazaka46.com/ | https://www.hinatazaka46.com/s/official/search/artist | https://www.hinatazaka46.com/s/official/page/7th-anniversary,2026-08-26
のんふぃく！,HEROINES,2021-05-05,https://heroines.jp/,https://x.com/Nonfic_official,https://www.instagram.com/nonfic_official/,https://www.tiktok.com/@nonfic_official,https://www.youtube.com/channel/UCHFSjSxJMTVqYnJU724pwGw,株式会社imaginate,HEROINES,未確認（複数経路確認）,幕張メッセ イベントホール『5th Anniversary LIVE』（2026-05-05）。HEROINES LEAGUE I上位常連。,9,恋星はるか / 水瀬ぴあの / 永月十華 / 海まりん / こるね / 香月あむ / 澪織にいな / 小枝ここあ / 砂糖みるく,89,92,S,幕張イベントホール単独と全国ツアーを成立。HEROINES上位として動員・成長とも強い。,verified,https://heroines.jp/news/public/_/atde4dubpjyubfee.html | https://heroines.jp/news/public/_/c5v33hjpiyc7ugox.html | https://heroines.jp/news/public/_/7hqu4xr32jbrr5k4.html | https://heroines.jp/news/public/_/fzn3zg2mkjgjx5tn.html,2026-08-26
私立恵比寿中学,STARDUST,2012-05-05,https://www.shiritsuebichu.jp/,https://x.com/ebichu_staff,https://www.instagram.com/shiritsuebisuchugaku/,https://www.tiktok.com/@ebichu_official,https://www.youtube.com/@ebichuSMEJ,スターダストプロモーション,STAR PLANET,SME Records / Sony Music Labels,長期にわたりアリーナ・ホール級を展開。2026年春ツアーも全国ホール規模。,8,真山りか / 安本彩花 / 中山莉子 / 桜木心菜 / 小久保柚乃 / 風見和香 / 桜井えま / 仲村悠菜,89,66,S,長期継続、全国ホール/アリーナ実績、SonyとスタダIPを評価。,verified,https://www.shiritsuebichu.jp/ | https://www.stardust.co.jp/talent/ | https://www.sonymusic.co.jp/artist/ebichu/ | https://www.stardust.co.jp/talent/starplanet/ebichu/,2026-08-26
≒JOY,イコノイジョイ,2024-01-17,https://nearly-equal-joy.jp/,https://x.com/Nearlyequal_joy,未確認,https://www.tiktok.com/@nearlyequal_joy,https://www.youtube.com/channel/UC_qmQbqvW6UES3NT780l2Pg,代々木アニメーション学院,イコノイジョイ / 指原莉乃プロデュース,Sony Music Labels,日本武道館2公演（2026-03-13）→Kアリーナ横浜（2026-07-11、自身最大規模）→全国ツアー、TOYOTA ARENA TOKYO公演予定。,12,逢田珠里依 / 天野香乃愛 / 市原愛弓 / 江角怜音 / 大信田美月 / 大西葵 / 小澤愛実 / 髙橋舞 / 藤沢莉子 / 村山結香 / 山田杏佳 / 山野愛月,88,98,S,2026年に武道館2公演からKアリーナへ急拡大し、さらに全国ツアーとTOYOTA ARENA TOKYOへ進む。5thシングルの初週大規模セールスもあり、Growthは6組中最高の98。,verified,https://nearly-equal-joy.jp/ | https://nearly-equal-joy.jp/feature/profile | https://nearly-equal-joy.jp/feature/2026_budokan,2026-08-26
いぎなり東北産,STARDUST,2015-08,https://madeintohoku.com/,https://x.com/madeintohoku,https://www.instagram.com/the_made_in_tohoku/,https://www.tiktok.com/@the_made_in_tohoku,https://www.youtube.com/channel/UCuCBILJrBdU9bFEykEW0STA,スターダストプロモーション,STAR PLANET,avex trax,日本武道館単独公演（2025-07-09）。2025-08 avex traxメジャーデビュー後、全国規模で展開。,9,橘花怜 / 律月ひかる / 北美梨寧 / 安杜羽加 / 吉瀬真珠 / 桜ひなの / 藤谷美海 / 伊達花彩 / 葉月結菜,86,90,S,武道館からアリーナ2daysへ進む会場成長、avexメジャー展開、東北発IPを評価。,verified,https://madeintohoku.com/ | https://www.stardust.co.jp/talent/ | https://avexnet.jp/ | https://avexnet.jp/contents/IGNRT-WORK-0001/profile | https://www.stacommu.jp/ja/videos/episodes/6PnAVDLx6Zufqt9TMt93rp,2026-08-26
夜光性アミューズ,HEROINES,2021-04-17,https://www.yakousei-amuse.jp/,https://x.com/Yoruamiofficial,https://www.instagram.com/yoruami_official/,https://www.tiktok.com/@yoruami_official,https://www.youtube.com/channel/UCi-LfAyQYt0Eyjsqm8uff4w,株式会社imaginate,HEROINES,未確認（複数経路確認）,2026年Zepp Namba・Zepp Nagoya・Zepp DiverCity東名阪。新体制お披露目豊洲PIT、夏ツアー最終Kanadevia Hall。,8,みぽたぽた / 白空こあい / ふてこ / 炎谷莉奈 / 水萌しゅる / 心恋きゅん / 月祈まりあ / 琴音ふりる,83,78,A+,Zepp東名阪とKanadevia Hallを維持。新体制後も大型会場を継続。,verified,https://heroines.jp/news/public/_/upflkmy5vsc1xfkp.html | https://heroines.jp/news/public/_/lzfozenibr57qn99.html | https://heroines.jp/news/public/_/p9t1hvg2rdfgkq9e.html | https://heroines.jp/news/public/_/7hqu4xr32jbrr5k4.html,2026-08-26
ドレスコード,HEROINES,2024-11-26,https://heroines.jp/,https://x.com/dreco_info,https://www.instagram.com/dresscode_info/,https://www.tiktok.com/@dresscode_info,https://www.youtube.com/channel/UCTJ2mxUxMAGtffKAPN7674Q,株式会社imaginate,HEROINES / 神楽ひなこプロデュース,未確認（複数経路確認）,2026年5都市ツアー。HEROINES LEAGUEⅠで豊洲PIT・Zepp Osaka Bayside・KT Zepp Yokohama。,7,百宮みも / 小鈴もゆ / 御伽りるむ / 月野あのん / 結音ちゆ / 早坂わむ / 秋田こまち,82,97,A+,デビュー約1年半で上位リーグとツアーへ。成長速度を特に高評価。,verified,https://heroines.jp/news/public/_/7hqu4xr32jbrr5k4.html | https://heroines.jp/news/public/_/4rjh25e2l3cozyto.html,2026-08-26
MEGAFON,HEROINES,2025-04-27,https://heroines.jp/,https://x.com/MEGAFON_idol,未確認,https://www.tiktok.com/@megafon_idol,未確認,株式会社imaginate,HEROINES / 向日えなプロデュース,未確認（複数経路確認）,1周年Zepp DiverCity。2026年10月から全国ツアー、12月22日Kanadevia Hall予定。,7,小晴のか / 星野あみ / 明音いろは / 羽雲ろこ / 日陽きい / 宮代ゆき / 琴音ふりる,80,96,A+,1年強でZepp→Kanadevia Hall計画。成長性が非常に強い。,verified,https://heroines.jp/news/public/_/i5zkbvmqrmejr7gx.html | https://x.com/MEGAFON_idol | https://heroines.jp/news/public/_/7hqu4xr32jbrr5k4.html,2026-08-26
iON!,HEROINES,2025-05-22,https://heroines.jp/,https://x.com/iON_idol_,未確認,https://www.tiktok.com/@ion_idol_,未確認,株式会社imaginate,HEROINES / iLiFE!妹ユニット,未確認（複数経路確認）,豊洲PIT級ワンマン実績、2026年Zepp5大都市ツアー、LEAGUEⅠ上位。,8,宇野ゆり / 花丸ぺこ / 鈴都りせ / 儚寧この / 伽久耶くらら / 栗栖むぎ / 名雲めんま / 透明くりあ,80,96,A+,2025デビューからZepp5都市へ急伸。iLiFE!妹ユニットIPも強い。,verified,https://heroines.jp/static/service/ | https://heroines.jp/news/public/_/o92mgh2lk7je6xzd.html | https://heroines.jp/news/public/_/7hqu4xr32jbrr5k4.html,2026-08-26
ばってん少女隊,STARDUST,2015-06,https://battengirls.com/,https://x.com/battengirls_jp,https://www.instagram.com/battengirls_jp/,https://www.tiktok.com/@batten_official,https://www.youtube.com/@BATTENGIRLS,スターダストプロモーション,STAR PLANET,BATTEN Records,2026年11周年・立川ステージガーデン。2027年SGC HALL ARIAKE大型公演を発表。,7,希山愛 / 上田理子 / 春乃きいな / 蒼井りるあ / 柳美舞 / 逢里みう / 日南心那,79,82,A+,九州発IPと10年以上の継続、2026→27の会場拡大を評価。,verified,https://battengirls.com/ | https://www.stardust.co.jp/talent/ | https://www.youtube.com/@BATTENGIRLS,2026-08-26
フルコース,HEROINES,2026-02-27,https://fullcourse-fc.com/,https://x.com/FullCourse_idol,https://www.instagram.com/fullcourse_idol/,https://www.tiktok.com/@fullcourse_idol,https://www.youtube.com/@FullCourse_idol,株式会社TWIN PLANET × 株式会社imaginate,HEROINES,未確認（複数経路確認）,デビュー4か月でZepp Shinjuku 1stワンマン。2026年5都市FIRST TOUR、東京The Garden Hall。,7,阿部菜々実 / 桜咲みはね / 金城まき / 小葉こな / 鈴木遥夏 / 中川心 / 水上凜巳花,75,99,A,2026年2月デビューから4か月でZepp。38組でも最上位の成長速度。,verified,https://www.tp-e.jp/talent/fullcourse/ | https://twinplanet.co.jp/project/4872/ | https://www.tp-e.jp/news/fullcourse-jyoho/ | https://prtimes.jp/main/html/rd/p/000000926.000025517.html | https://heroines.jp/news/public/_/9vm3yfjqsoelnr16.html,2026-08-26
ラストシーン,HEROINES,2025-12-24,https://heroines.jp/,https://x.com/LASTSCENE_idol,未確認,未確認,未確認,株式会社imaginate,HEROINES,未確認（複数経路確認）,Kanadevia Hallでデビュー。2026年HEROINES LEAGUEⅠ上位に定着。,8,天羽しおり / 佑月いちか / 優木あずさ / 宮瀬うゆ / 古賀みれい / 水空ゆん / 綾乃もな / 椎名すず,73,97,A,Kanadevia Hallデビューから半年強で上位リーグ。初速が非常に強い。,verified,https://x.com/LASTSCENE_idol | https://heroines.jp/news/public/_/i5zkbvmqrmejr7gx.html | https://heroines.jp/news/public/_/7hqu4xr32jbrr5k4.html,2026-08-26
GILTY x GILTY,HEROINES,2022-06-28,https://giltyxgilty.com/,未確認,未確認,未確認,未確認,株式会社imaginate,HEROINES / 兼任ユニット,未確認（複数経路確認）,HEROINES主力5名の兼任ユニットとして周年・単独公演を継続。,5,蒼井叶 / 白雪姫乃 / 白空こあい / 恋星はるか / 心花りり,78,68,B+,5名全員の横断IPが強い。単体プロジェクトの成長は安定型。,verified,https://www.imaginate.jp/artist/ | https://heroines.jp/ | https://www.imaginate.jp/artist/gilty-x-gilty/ | https://heroines.jp/news/public/_/3yusahrqv36qk0xr.html,2026-08-26
i-COL,HEROINES,2021-06-05,https://www.imaginate.jp/artist/i-col/,未確認,未確認,未確認,未確認,株式会社imaginate,HEROINES / 兼任ユニット,未確認（複数経路確認）,2人組ユニットとして周年・単独公演を継続。両名の兼任先IPが強い。,2,あいす / こるね,77,62,B+,兼任先での知名度と継続を評価。単体の拡大は安定型。,verified,https://www.imaginate.jp/artist/i-col/ | https://heroines.jp/ | https://heroines.jp/news/public/_/3yusahrqv36qk0xr.html,2026-08-26
AdamLilith,HEROINES,2022-10-25,https://www.imaginate.jp/artist/adamlilith/,https://x.com/Adamth_official,https://www.instagram.com/adamlilith_official/,未確認,https://www.youtube.com/@adamlilith_official,株式会社imaginate,HEROINES,未確認（複数経路確認）,HEROINES LEAGUEⅠ上位常連。豊洲PIT・Zepp Osaka Bayside・KT Zepp Yokohamaなど大型合同公演。,4,夜宵やむ / 響羽凛瞳 / 都ユナ / 三木レイ,76,68,B+,上位リーグ継続と認知を評価。2026単独最大規模の一次根拠は継続監査。,verified,https://www.imaginate.jp/artist/adamlilith/ | https://heroines.jp/news/public/_/i5zkbvmqrmejr7gx.html | https://heroines.jp/news/public/_/7hqu4xr32jbrr5k4.html,2026-08-26
TENRIN,HEROINES,2020-07-21,https://heroines.jp/,https://x.com/TENRIN_official,https://www.instagram.com/tenrin_official/,https://www.tiktok.com/@tenrin_official,https://www.youtube.com/c/TENRINchannel,株式会社imaginate,HEROINES,CROSS SIDE MUSIC（初期作品／現行契約未確認）,HEROINES LEAGUEⅠで豊洲PIT・Zepp大阪・KT Zepp横浜。長期活動の中堅主力。,8,のもあちゃちゃ / 白洲あやん / 七瀬にこ / 蓮花うらら / 霞あげは / 甘音ゆあ / 刻乃なう / 音瀬歩兎,75,80,B+,継続力と上位リーグ安定出演、新体制更新を評価。,verified,https://heroines.jp/news/public/_/i5zkbvmqrmejr7gx.html | https://x.com/TENRIN_official | https://heroines.jp/news/public/_/7hqu4xr32jbrr5k4.html,2026-08-26
LADYBABY,HEROINES,2023,https://ladybaby-fc.com/,https://x.com/LADYBABY_JP,未確認,未確認,https://www.youtube.com/@ladybaby,HEROINES関連運営,HEROINES,未確認（複数経路確認）,HEROINES LEAGUEⅡ・FES。旧LADYBABYからの海外認知を持つ4人体制。,4,神黎ミア / 來崎せな / 月街えい / 越智きの,74,75,B+,ブランド認知をPowerに加点。現行体制は2023再始動として評価。,verified,https://x.com/LADYBABY_JP | https://heroines.jp/ | https://heroines.jp/news/public/_/9vm3yfjqsoelnr16.html,2026-08-26
chuLa,HEROINES,2017,https://heroines.jp/,https://x.com/chuLa_official,未確認,未確認,https://www.youtube.com/@chulayoutube,株式会社SCOT,HEROINES,未確認（複数経路確認）,HEROINES LEAGUEⅠのZepp級合同公演に継続出演。,7,明鏡みらの / はまちひよ / 茉野ゆに / 飴色りんご / 世野つばさ / 紫藤らら / 陽咲みお,74,72,B+,長期活動・認知と上位リーグ出演。大型単独の急伸は新興勢より緩やか。,verified,https://heroines.jp/news/public/_/i5zkbvmqrmejr7gx.html | https://x.com/chuLa_official | https://heroines.jp/news/public/_/7hqu4xr32jbrr5k4.html,2026-08-26
アキシブproject,HEROINES,2013-05,https://akishibup.net/,https://x.com/akishibuproject,未確認,未確認,未確認,株式会社imaginate,HEROINES,KING RECORDS（メジャーデビュー実績／現行契約未確認）,Zepp DiverCity等ワンマン歴。2026年はHEROINES LEAGUEⅡ・FES中心。,7,葵ふう / 如月なな / 清見るん / 茉井良菜 / 水琴まなみ / 夢咲ありさ / 天川ほたる,72,55,B+,長期ブランドと過去Zepp実績をPowerに反映。成熟期。,verified,https://akishibup.net/ | https://heroines.jp/ | https://heroines.jp/news/public/_/9vm3yfjqsoelnr16.html,2026-08-26
パラディーク,HEROINES,2021,https://heroines.jp/,https://x.com/para_deeq,未確認,未確認,未確認,PLAYYTE,HEROINES,未確認（複数経路確認）,2026年新9人体制でHEROINES FES／LEAGUEⅡへ。,9,水野めい / 来栖ゆる / 浜辺しずく / 新木るの / 灯田にじ / 桜空ちゅいん / 雛月ひな / 楪みかん / 氷雨ここな,72,84,B+,既存ブランド＋2026新9人体制の再成長。,verified,https://x.com/para_deeq | https://playyte.com/ | https://heroines.jp/ | https://heroines.jp/news/public/_/9vm3yfjqsoelnr16.html,2026-08-26
Ill,HEROINES,2024-12-23,https://heroines.jp/,https://x.com/Ill_Idol,未確認,未確認,未確認,株式会社imaginate,HEROINES,未確認（複数経路確認）,1周年期O-EAST級。LEAGUEⅠで豊洲PIT・Zepp Osaka Bayside・KT Zepp Yokohama。,4,蒼井叶 / 白雪姫乃 / 紫ノ色 / 森緑藻,71,78,B+,前身TwinpaleのIPとHEROINES上位公演を評価。,verified,https://heroines.jp/news/public/_/i5zkbvmqrmejr7gx.html | https://x.com/Ill_Idol | https://heroines.jp/news/public/_/7hqu4xr32jbrr5k4.html,2026-08-26
MISS MERCY,STARDUST,2022-03,https://missmercy.jp/,https://x.com/_missmercy_,https://www.instagram.com/missmercy_official/,https://www.tiktok.com/@missmercy_official,https://www.youtube.com/@missmercy.official,スターダストプロモーション 第一事業部,スターダスト ガールズグループ,テイチクエンタテインメント,2026年7th ONEMAN LIVEをI'M A SHOWで開催。10月メジャーデビュー、11月東京キネマ倶楽部ワンマン。,7,MIYU / SARA / SHUKA / ION / YUKI / KAREN / COCONA,71,93,B+,2026年メジャーデビュー移行が大きな成長シグナル。会場規模は中堅。,verified,https://www.stardust.co.jp/talent/section1/missmercy/ | https://missmercy.jp/ | https://missmercy.jp/profile/,2026-08-26
テンシンランマン,HEROINES,2025-05-24,https://heroines.jp/,未確認,未確認,未確認,未確認,株式会社imaginate,HEROINES,未確認（複数経路確認）,2026年HEROINES LEAGUEⅠへ昇格、豊洲PIT・Zepp Osaka Bayside・KT Zepp Yokohama。,7,琴音うな / 小倉あずき / 味園そら / 織田こゆん / 海老原てん / 大須かのん / 豊田もも,69,92,B+,デビュー約1年で上位リーグへ昇格した速度を評価。,verified,https://heroines.jp/news/public/_/7hqu4xr32jbrr5k4.html | https://heroines.jp/news/public/_/4rjh25e2l3cozyto.html,2026-08-26
ナナコロビヤオキ,HEROINES,2024-07-12,https://heroines.jp/,https://x.com/nanakoro_info,未確認,未確認,未確認,株式会社imaginate,HEROINES,未確認（複数経路確認）,2026年Zepp Nagoya・Zepp Osaka Bayside・Zepp Shinjuku等へ拡大。,8,苺川えくぼ / 熊ノ実にも / 長居しいな / 水田茉莉 / 瀬戸内れもん / 阪菜りこ / 笑乃にな / 歌花てんか,69,93,B+,2年でZepp複数都市へ。2026年8月最新体制の伸びを高評価。,transition_verified,https://x.com/nanakoro_info | https://heroines.jp/ | https://heroines.jp/news/public/_/9vm3yfjqsoelnr16.html,2026-08-26
ZUTTOMOTTO,HEROINES,2023-02,https://heroines.jp/,https://x.com/zuttomoofficial,未確認,未確認,https://www.youtube.com/@zuttomotto_,株式会社imaginate,HEROINES,未確認（複数経路確認）,HEROINES LEAGUEⅡ・FES。2026年11名体制に拡張。,11,椎名すず / 真空せいら / 四宮える / 佐倉あん / 青羽わか / 望月みら / 小紅ゆず / 美雲みつき / 愛夏ひなた / 神谷ひなの / 式守くるみ,68,80,B+,体制拡張とHEROINES露出増を評価。,verified,https://x.com/zuttomoofficial | https://heroines.jp/ | https://heroines.jp/news/public/_/9vm3yfjqsoelnr16.html,2026-08-26
ハルカエコー,HEROINES,2026-04-19,https://heroines.jp/,https://x.com/HARUKAECHO_IDOL,未確認,https://www.tiktok.com/@harukaecho,未確認,株式会社imaginate,HEROINES / バグベアプロデュース,未確認（複数経路確認）,2026年4月デビュー直後からHEROINES LEAGUEⅡ・FES。単独規模は形成途中。,6,高坂りん / 平沢かえ / 雨宮るり / 神凪みふゆ / 常盤うた / 芦名ゆい,67,99,B+,発足直後の露出拡大と制作IPをGrowthに反映。,verified,https://x.com/HARUKAECHO_IDOL | https://heroines.jp/ | https://heroines.jp/news/public/_/9vm3yfjqsoelnr16.html,2026-08-26
Pastel Closet,HEROINES,2025-08-02,https://heroines.jp/,https://x.com/Pasclo_official,未確認,https://www.tiktok.com/@pasclo_official,https://www.youtube.com/@pasclo_official,アップダンス・エンターテインメント,TIF de Debut 2025 × HEROINES,未確認（複数経路確認）,デビュー1年未満でVeats Shibuyaワンマン。HEROINES LEAGUEⅡ・FES。,8,安斎みのり / 柑乃あい / 篠原さくら / 澄原夏帆 / 仁科美都 / 花木舞花 / 雛城ののか / 幸野れいあ,65,91,B+,TIFデビューから短期間で単独Veats Shibuyaへ。,verified,https://www.ameba.jp/profile/general/pastelcloset/ | https://x.com/Pasclo_official | https://heroines.jp/news/public/_/9vm3yfjqsoelnr16.html,2026-08-26
RE-GE,STARDUST,2026-02-15,https://re-ge.com/,https://x.com/rege__official,未確認,未確認,未確認,スターダストプロモーション × Bandai Namco Music Live,STAR PLANET / HAJIMARE Project,Bandai Namco Music Live / PYLON PORT展開（表記継続確認）,2026-02-15デビュー。豊洲PIT・Kanadevia Hall・TIF等に出演。単独大箱は形成途中。,9,白石るり / 禾本珠彩 / 花井心桜 / 高月凛々 / 田崎杏夏 / 森瀬こころ / 瑞川蒼依 / 桧山ゆうみ / 那須ほほみ,62,99,B+,デビュー半年でスタダ×バンナムの大型IP支援と主要イベント露出。単独動員は形成中。,verified,https://re-ge.com/ | https://x.com/rege__official | https://www.stardust.co.jp/talent/,2026-08-26
パラレルサイダー,HEROINES,2022-06-02,https://heroines.jp/,https://x.com/parasai_info,未確認,未確認,未確認,株式会社imaginate,HEROINES,未確認（複数経路確認）,HEROINES LEAGUEⅡ・FESを中心に活動。中規模ワンマン・主催実績。,7,小熊まな香 / 小坂みおん / 葉月みつは / 彩音ゆの / 宮奈もこ / 宇佐美あこ / 瀬川なつき,64,70,B,中堅継続性を評価。大型単独の一次根拠は限定的。,verified,https://x.com/parasai_info | https://heroines.jp/ | https://heroines.jp/news/public/_/9vm3yfjqsoelnr16.html,2026-08-26
ポンコツコンポ,HEROINES,2019-08-20,https://www.imaginate.jp/artist/ponkotsukonpo/,https://x.com/ponkotsukonpo,未確認,https://www.tiktok.com/@kitsunenoudon,https://www.youtube.com/@ponkotsu_konpo,株式会社imaginate,HEROINES,未確認（複数経路確認）,HEROINES LEAGUEⅡ・FES。2023年再始動後ワンマン・主催を継続。,7,晴後あめ / 夕葉里めろん / 秋田こまち / 一蘭 / 甘杉あぽろ / 海苔巻うに / ショー☆タイム,63,86,B,再始動後の刷新と露出増をGrowthに反映。,verified,https://www.imaginate.jp/artist/ | https://x.com/ponkotsukonpo | https://heroines.jp/ | https://heroines.jp/news/public/_/9vm3yfjqsoelnr16.html,2026-08-26
CAL&RES,HEROINES,2025,https://heroines.jp/,https://x.com/calresofficial,未確認,未確認,未確認,株式会社imaginate,HEROINES,未確認（複数経路確認）,HEROINES LEAGUEⅡ・FES。2026年夏に新体制へ。,7,夢羽るる / 来夢ねお / 九条あすな / 明日実まあや / 宮本みい / 藤邑あやめ / 萌木りりな,62,73,B,HEROINES内露出と新体制成長を評価。単独大箱は形成中。,transition_verified,https://x.com/calresofficial | https://heroines.jp/ | https://heroines.jp/news/public/_/9vm3yfjqsoelnr16.html,2026-08-26
AMEFURASSHI,STARDUST,2018-11-03,https://amefurasshi.jp/,未確認,未確認,未確認,未確認,スターダストプロモーション,STAR PLANET,未確認（複数経路確認）,2026-03-13 品川ステラボール『AMEFURASSHI IS HERE』SOLD OUTをもって解散。,0,未確認,未評価,未評価,未評価,2026-03-13解散済みのため現役Tierから除外。,verified,https://amefurasshi.jp/contents/1037857 | https://www.unext.co.jp/ja/press-room/amefurasshi-live-2026-02-24,2026-08-26
ukka,STARDUST,2015,https://ukka.tokyo/,https://x.com/ukka_music,https://www.instagram.com/_ukka_official/,https://www.tiktok.com/@ukkawaii,未確認,スターダストプロモーション,STAR PLANET,Imperial Records / テイチクエンタテインメント,2026-05-24 Kanadevia Hall『Final Chapter』で活動終了。5月12日Zepp Hanedaで恵比寿中学とのラストツーマン。,0,未確認,未評価,未評価,未評価,活動終了済みのため2026-08-26現役Tierから除外。,verified,https://ukka.tokyo/news/4893 | https://ukka.tokyo/news/4965,2026-08-26
スタプラ研究生,STARDUST,未確認,https://blog.stardust.co.jp/stardustplanet/,未確認,未確認,未確認,未確認,スターダストプロモーション,STAR PLANET 育成組織,未確認,2026-03-21をもって『スタプラ研究生』として活動終了。5月から新育成組織へ移行。,0,未確認,未評価,未評価,未評価,育成組織かつ活動終了。現役完成グループと同一Tier比較をしない。,verified,https://blog.stardust.co.jp/stardustplanet/,2026-08-26
ヒロインズ研究生,HEROINES,2026-05-10,https://heroines.jp/,https://x.com/Heroines_RS,未確認,未確認,未確認,株式会社imaginate,HEROINES 育成組織 / 4期,未確認,4期お披露目は品川ステラボール。HEROINES公演の研究生枠。,13,綾瀬めめ / 広瀬りむ / 白石あゆ / 小菜実こゆ / 白鳥ちな / 可愛川ここ / 花森ぴの / 小梅ちろ / 有舞ねおん / 芽野りりあ / 矢乃ひまり / 鳴雷びび / 逢坂めるむ,未評価,未評価,未評価,育成組織のため完成グループと同一Tier比較をしない。,verified,https://www.youtube.com/watch?v=kvDavymoOf8 | https://x.com/Heroines_RS | https://heroines.jp/news/public/_/9vm3yfjqsoelnr16.html,2026-08-26
ヒロインズ研究生大阪,HEROINES,2026-05-17,https://heroines.jp/,https://x.com/Heroines_osaka,未確認,未確認,未確認,株式会社imaginate,HEROINES 育成組織 / 大阪2期,未確認,大阪2期お披露目はZepp Osaka Bayside。関西研究生枠。,10,不破ふわり / 鹿野こなほ / 千鳥もえ / 御堂筋ぴこ / 桃谷りの / 北浜そふと / 汐見らう / 笑門りい / 小花衣はお / 安良城いと,未評価,未評価,未評価,育成組織のため完成グループと同一Tier比較をしない。,verified,https://www.youtube.com/watch?v=yr-PEfFJ0r8 | https://x.com/Heroines_osaka | https://heroines.jp/news/public/_/9vm3yfjqsoelnr16.html,2026-08-26
浪江女子発組合,STARDUST,2019-11-24,https://lumiunion.com/,https://x.com/janamieofficial,https://www.instagram.com/janamieofficial/,https://www.tiktok.com/@janamieofficial,https://www.youtube.com/channel/UCzvP6O_FcDCWv3mNItbZ6mQ,スターダストプロモーション,STAR PLANET / 浪江町地域プロジェクト,KING RECORDS,2025-06-28 LumiUnionへ改名。2026-04-29 道の駅なみえ『Final Journey』がラストステージ。,0,未確認,未評価,未評価,未評価,旧名義は改名、その後継LumiUnionも2026-04-29で終了。現役Tierから除外。,verified,https://www.town.namie.fukushima.jp/site/namie-chocho/43502.html | https://namietourism.jp/information/ | https://lumiunion.com/,2026-08-26
