グループ名,勢力,メンバー名,状態,役割,X,Instagram,TikTok,YouTube,最終確認日
乃木坂46,坂道シリーズ,愛宕心響,current,member,未確認,未確認,未確認,未確認,2026-08-26
乃木坂46,坂道シリーズ,五百城茉央,current,member,未確認,未確認,未確認,未確認,2026-08-26
乃木坂46,坂道シリーズ,池田瑛紗,current,member,未確認,未確認,未確認,未確認,2026-08-26
乃木坂46,坂道シリーズ,一ノ瀬美空,current,member,未確認,未確認,未確認,未確認,2026-08-26
乃木坂46,坂道シリーズ,伊藤理々杏,current,member,未確認,未確認,未確認,未確認,2026-08-26
乃木坂46,坂道シリーズ,井上和,current,member,未確認,未確認,未確認,未確認,2026-08-26
乃木坂46,坂道シリーズ,岩本蓮加,current,member,未確認,未確認,未確認,未確認,2026-08-26
乃木坂46,坂道シリーズ,遠藤さくら,current,member,未確認,未確認,未確認,未確認,2026-08-26
乃木坂46,坂道シリーズ,大越ひなの,current,member,未確認,未確認,未確認,未確認,2026-08-26
乃木坂46,坂道シリーズ,岡本姫奈,current,member,未確認,未確認,未確認,未確認,2026-08-26
乃木坂46,坂道シリーズ,小川彩,current,member,未確認,未確認,未確認,未確認,2026-08-26
乃木坂46,坂道シリーズ,奥田いろは,current,member,未確認,未確認,未確認,未確認,2026-08-26
乃木坂46,坂道シリーズ,小津玲奈,current,member,未確認,未確認,未確認,未確認,2026-08-26
乃木坂46,坂道シリーズ,海邉朱莉,current,member,未確認,未確認,未確認,未確認,2026-08-26
乃木坂46,坂道シリーズ,賀喜遥香,current,member,未確認,未確認,未確認,未確認,2026-08-26
乃木坂46,坂道シリーズ,金川紗耶,current,member,未確認,未確認,未確認,未確認,2026-08-26
乃木坂46,坂道シリーズ,川﨑桜,current,member,未確認,未確認,未確認,未確認,2026-08-26
乃木坂46,坂道シリーズ,川端晃菜,current,member,未確認,未確認,未確認,未確認,2026-08-26
乃木坂46,坂道シリーズ,黒見明香,current,member,未確認,未確認,未確認,未確認,2026-08-26
乃木坂46,坂道シリーズ,柴田柚菜,current,member,未確認,未確認,未確認,未確認,2026-08-26
乃木坂46,坂道シリーズ,菅原咲月,current,member,未確認,未確認,未確認,未確認,2026-08-26
乃木坂46,坂道シリーズ,鈴木佑捺,current,member,未確認,未確認,未確認,未確認,2026-08-26
乃木坂46,坂道シリーズ,瀬戸口心月,current,member,未確認,未確認,未確認,未確認,2026-08-26
乃木坂46,坂道シリーズ,田村真佑,current,member,未確認,未確認,未確認,未確認,2026-08-26
乃木坂46,坂道シリーズ,筒井あやめ,current,member,未確認,未確認,未確認,未確認,2026-08-26
乃木坂46,坂道シリーズ,冨里奈央,current,member,未確認,未確認,未確認,未確認,2026-08-26
乃木坂46,坂道シリーズ,長嶋凛桜,current,member,未確認,未確認,未確認,未確認,2026-08-26
乃木坂46,坂道シリーズ,中西アルノ,current,member,未確認,未確認,未確認,未確認,2026-08-26
乃木坂46,坂道シリーズ,林瑠奈,current,member,未確認,未確認,未確認,未確認,2026-08-26
乃木坂46,坂道シリーズ,増田三莉音,current,member,未確認,未確認,未確認,未確認,2026-08-26
乃木坂46,坂道シリーズ,森平麗心,current,member,未確認,未確認,未確認,未確認,2026-08-26
乃木坂46,坂道シリーズ,矢田萌華,current,member,未確認,未確認,未確認,未確認,2026-08-26
乃木坂46,坂道シリーズ,弓木奈於,current,member,未確認,未確認,未確認,未確認,2026-08-26
=LOVE,イコノイジョイ,大谷映美里,current,member,https://x.com/otani_emiri,https://www.instagram.com/otani_emiri,https://www.tiktok.com/@equal_love_emiri,未確認,2026-08-26
=LOVE,イコノイジョイ,大場花菜,current,member,https://x.com/hana_oba,https://www.instagram.com/oba_hana_,https://www.tiktok.com/@equal_love_hana_,未確認,2026-08-26
=LOVE,イコノイジョイ,音嶋莉沙,current,member,https://x.com/otoshima_risa,https://www.instagram.com/otoshima_risa,https://www.tiktok.com/@equal_love_risa_,未確認,2026-08-26
=LOVE,イコノイジョイ,齋藤樹愛羅,current,member,https://x.com/saitou_kiara,https://www.instagram.com/saito_kiara_,https://www.tiktok.com/@equal_love_kiara,未確認,2026-08-26
=LOVE,イコノイジョイ,佐々木舞香,current,member,https://x.com/sasaki_maika,https://www.instagram.com/maika_sasaki_,未確認,未確認,2026-08-26
=LOVE,イコノイジョイ,髙松瞳,current,member,https://x.com/takamatsuhitomi,未確認,未確認,未確認,2026-08-26
=LOVE,イコノイジョイ,瀧脇笙古,current,member,https://x.com/shoko_takiwaki,https://www.instagram.com/takiwaki_shoko_,未確認,未確認,2026-08-26
=LOVE,イコノイジョイ,野口衣織,current,member,https://x.com/noguchi_iori,https://www.instagram.com/noguchi_iori_,未確認,未確認,2026-08-26
=LOVE,イコノイジョイ,諸橋沙夏,current,member,https://x.com/morohashi_sana,https://www.instagram.com/morohashi_sana,未確認,未確認,2026-08-26
=LOVE,イコノイジョイ,山本杏奈,current,member,https://x.com/yamamoto_anna_,https://www.instagram.com/yamamoto_anna_,未確認,未確認,2026-08-26
iLiFE!,HEROINES,あいす,current,member,https://x.com/ice_icol,未確認,未確認,未確認,2026-08-26
iLiFE!,HEROINES,空詩かれん,current,member,https://x.com/iLiFE_karen,未確認,未確認,未確認,2026-08-26
iLiFE!,HEROINES,心花りり,current,member,https://x.com/iLiFE_riri,未確認,未確認,未確認,2026-08-26
iLiFE!,HEROINES,福丸うさ,current,member,https://x.com/iLiFE_fukumaru,未確認,未確認,未確認,2026-08-26
iLiFE!,HEROINES,若葉のあ,current,member,https://x.com/iLiFE_wakaba,未確認,未確認,未確認,2026-08-26
iLiFE!,HEROINES,虹羽みに,current,member,https://x.com/iLiFE_mini,未確認,未確認,未確認,2026-08-26
iLiFE!,HEROINES,小熊まむ,current,member,https://x.com/iLiFE_koguma,未確認,未確認,未確認,2026-08-26
iLiFE!,HEROINES,純嶺みき,current,member,https://x.com/iLiFE_sumire,未確認,未確認,未確認,2026-08-26
iLiFE!,HEROINES,真守みゅう,current,member,https://x.com/iLiFE_mew,未確認,未確認,未確認,2026-08-26
櫻坂46,坂道シリーズ,浅井恋乃未,current,member,未確認,未確認,未確認,未確認,2026-08-26
櫻坂46,坂道シリーズ,石森璃花,current,member,未確認,https://instagram.com/rika.ishimori.official/,未確認,未確認,2026-08-26
櫻坂46,坂道シリーズ,稲熊ひな,current,member,未確認,未確認,未確認,未確認,2026-08-26
櫻坂46,坂道シリーズ,遠藤光莉,current,member,未確認,https://www.instagram.com/endohikari_official,未確認,未確認,2026-08-26
櫻坂46,坂道シリーズ,遠藤理子,current,member,未確認,未確認,未確認,未確認,2026-08-26
櫻坂46,坂道シリーズ,大園玲,current,member,未確認,https://www.instagram.com/ozonoreis2,未確認,未確認,2026-08-26
櫻坂46,坂道シリーズ,大沼晶保,current,member,未確認,https://instagram.com/akiho_onuma_official,未確認,未確認,2026-08-26
櫻坂46,坂道シリーズ,小田倉麗奈,current,member,未確認,https://instagram.com/reinaodakura_official/,未確認,未確認,2026-08-26
櫻坂46,坂道シリーズ,勝又春,current,member,未確認,未確認,未確認,未確認,2026-08-26
櫻坂46,坂道シリーズ,小池美波,current,member,未確認,未確認,未確認,未確認,2026-08-26
櫻坂46,坂道シリーズ,幸阪茉里乃,current,member,未確認,未確認,未確認,未確認,2026-08-26
櫻坂46,坂道シリーズ,小島凪紗,current,member,未確認,未確認,未確認,未確認,2026-08-26
櫻坂46,坂道シリーズ,佐藤愛桜,current,member,未確認,未確認,未確認,未確認,2026-08-26
櫻坂46,坂道シリーズ,谷口愛季,current,member,未確認,https://instagram.com/airi.taniguchi.official/,未確認,未確認,2026-08-26
櫻坂46,坂道シリーズ,田村保乃,current,member,未確認,未確認,未確認,未確認,2026-08-26
櫻坂46,坂道シリーズ,中川智尋,current,member,未確認,未確認,未確認,未確認,2026-08-26
櫻坂46,坂道シリーズ,中嶋優月,current,member,未確認,https://www.instagram.com/yuzuki_nakashima_official/,未確認,未確認,2026-08-26
櫻坂46,坂道シリーズ,藤吉夏鈴,current,member,未確認,https://instagram.com/fujiyoshi.karin/,未確認,未確認,2026-08-26
櫻坂46,坂道シリーズ,増本綺良,current,member,未確認,未確認,未確認,未確認,2026-08-26
櫻坂46,坂道シリーズ,松田里奈,current,member,未確認,https://instagram.com/matsudarina_official/,未確認,未確認,2026-08-26
櫻坂46,坂道シリーズ,松本和子,current,member,未確認,未確認,未確認,未確認,2026-08-26
櫻坂46,坂道シリーズ,的野美青,current,member,未確認,未確認,未確認,未確認,2026-08-26
櫻坂46,坂道シリーズ,向井純葉,current,member,未確認,未確認,未確認,未確認,2026-08-26
櫻坂46,坂道シリーズ,村井優,current,member,未確認,https://www.instagram.com/yu.murai_official,未確認,未確認,2026-08-26
櫻坂46,坂道シリーズ,村山美羽,current,member,未確認,https://www.instagram.com/miumurayama_official,未確認,未確認,2026-08-26
櫻坂46,坂道シリーズ,目黒陽色,current,member,未確認,未確認,未確認,未確認,2026-08-26
櫻坂46,坂道シリーズ,森田ひかる,current,member,未確認,未確認,未確認,未確認,2026-08-26
櫻坂46,坂道シリーズ,守屋麗奈,current,member,未確認,https://instagram.com/rena_moriya_official/,未確認,未確認,2026-08-26
櫻坂46,坂道シリーズ,山川宇衣,current,member,未確認,未確認,未確認,未確認,2026-08-26
櫻坂46,坂道シリーズ,山﨑天,current,member,未確認,https://instagram.com/yamasaki.ten/,未確認,未確認,2026-08-26
櫻坂46,坂道シリーズ,山下瞳月,current,member,未確認,未確認,未確認,未確認,2026-08-26
櫻坂46,坂道シリーズ,山田桃実,current,member,未確認,未確認,未確認,未確認,2026-08-26
ももいろクローバーZ,STARDUST,百田夏菜子,current,member,未確認,https://www.instagram.com/kanakomomota_official/,未確認,未確認,2026-08-26
ももいろクローバーZ,STARDUST,玉井詩織,current,member,未確認,https://www.instagram.com/shioritamai_official/,https://www.tiktok.com/@shiori_tamai_official,未確認,2026-08-26
ももいろクローバーZ,STARDUST,佐々木彩夏,current,member,未確認,https://www.instagram.com/ayaka_sasaki_official,未確認,未確認,2026-08-26
ももいろクローバーZ,STARDUST,高城れに,current,member,未確認,https://www.instagram.com/takagireni_official/,https://www.tiktok.com/@reni_takagi,未確認,2026-08-26
超ときめき♡宣伝部,STARDUST,辻野かなみ,current,member,未確認,https://www.instagram.com/kanami_tsujino_official/,未確認,未確認,2026-08-26
超ときめき♡宣伝部,STARDUST,小泉遥香,current,member,未確認,https://www.instagram.com/haruka_koizumi_official/,未確認,未確認,2026-08-26
超ときめき♡宣伝部,STARDUST,坂井仁香,current,member,未確認,https://www.instagram.com/hitoka_sakai_official/,未確認,未確認,2026-08-26
超ときめき♡宣伝部,STARDUST,吉川ひより,current,member,未確認,https://www.instagram.com/hiyori_yoshikawa_official/,未確認,未確認,2026-08-26
超ときめき♡宣伝部,STARDUST,菅田愛貴,current,member,未確認,https://www.instagram.com/akisudaofficial/,未確認,未確認,2026-08-26
≠ME,イコノイジョイ,尾木波菜,current,member,https://x.com/ogi_hana_,https://www.instagram.com/ogi_hana__/,https://www.tiktok.com/@notequal_me_hana,未確認,2026-08-26
≠ME,イコノイジョイ,落合希来里,current,member,https://x.com/ochiai_kirari,https://www.instagram.com/_ochiaikirari_/,https://www.tiktok.com/@notequal_me_kirari,未確認,2026-08-26
≠ME,イコノイジョイ,蟹沢萌子,current,member,https://x.com/kanisawa_moeko,https://www.instagram.com/kanisawa_moeko_,https://www.tiktok.com/@notequal_me_moeko,未確認,2026-08-26
≠ME,イコノイジョイ,河口夏音,current,member,https://x.com/kawaguchi_natsu,https://www.instagram.com/kawaguchi__natsune/,未確認,未確認,2026-08-26
≠ME,イコノイジョイ,川中子奈月心,current,member,https://x.com/kawanagonatsumi,https://www.instagram.com/kawanago__natsumi/,https://www.tiktok.com/@notequal_me_natsumi,https://www.youtube.com/@Kawanagonatsumi,2026-08-26
≠ME,イコノイジョイ,櫻井もも,current,member,https://x.com/_sakurai_momo_,https://instagram.com/sakurai_momo_/,https://www.tiktok.com/@notequal_me_momo,未確認,2026-08-26
≠ME,イコノイジョイ,鈴木瞳美,current,member,https://x.com/suzuki_hitomi_,https://instagram.com/suzuki_hitomi__,https://www.tiktok.com/@notequal_me_hitomi,https://www.youtube.com/@HitomiSuzuki-13,2026-08-26
≠ME,イコノイジョイ,谷崎早耶,current,member,https://x.com/tanizaki_saya,https://www.instagram.com/tanizaki_saya__/,https://www.tiktok.com/@notequal_me_saya,未確認,2026-08-26
≠ME,イコノイジョイ,冨田菜々風,current,member,https://x.com/tomita_nanaka,https://www.instagram.com/tomita_nanaka/,未確認,未確認,2026-08-26
≠ME,イコノイジョイ,永田詩央里,current,member,https://x.com/nagata_shiori_,https://www.instagram.com/nagata__shiori/,https://www.tiktok.com/@notequal_me_shiori,未確認,2026-08-26
≠ME,イコノイジョイ,本田珠由記,current,member,https://x.com/honda_miyuki_,https://www.instagram.com/honda_miyuki,https://www.tiktok.com/@notequal_me_miyuki,未確認,2026-08-26
日向坂46,坂道シリーズ,石塚瑶季,current,member,未確認,https://www.instagram.com/ishizukatamaki_official,未確認,未確認,2026-08-26
日向坂46,坂道シリーズ,大田美月,current,member,未確認,未確認,未確認,未確認,2026-08-26
日向坂46,坂道シリーズ,大野愛実,current,member,未確認,未確認,未確認,未確認,2026-08-26
日向坂46,坂道シリーズ,片山紗希,current,member,未確認,未確認,未確認,未確認,2026-08-26
日向坂46,坂道シリーズ,金村美玖,current,member,未確認,https://instagram.com/miku_osushi,未確認,未確認,2026-08-26
日向坂46,坂道シリーズ,上村ひなの,current,member,未確認,https://www.instagram.com/hinanokamimura.official,未確認,未確認,2026-08-26
日向坂46,坂道シリーズ,蔵盛妃那乃,current,member,未確認,未確認,未確認,未確認,2026-08-26
日向坂46,坂道シリーズ,小坂菜緒,current,member,未確認,未確認,未確認,未確認,2026-08-26
日向坂46,坂道シリーズ,小西夏菜実,current,member,未確認,https://www.instagram.com/konishi773_official,未確認,未確認,2026-08-26
日向坂46,坂道シリーズ,坂井新奈,current,member,未確認,未確認,未確認,未確認,2026-08-26
日向坂46,坂道シリーズ,佐藤優羽,current,member,未確認,未確認,未確認,未確認,2026-08-26
日向坂46,坂道シリーズ,清水理央,current,member,未確認,https://www.instagram.com/rio_shimizu.official,未確認,未確認,2026-08-26
日向坂46,坂道シリーズ,下田衣珠季,current,member,未確認,未確認,未確認,未確認,2026-08-26
日向坂46,坂道シリーズ,正源司陽子,current,member,未確認,未確認,未確認,未確認,2026-08-26
日向坂46,坂道シリーズ,高井俐香,current,member,未確認,未確認,未確認,未確認,2026-08-26
日向坂46,坂道シリーズ,髙橋未来虹,current,member,未確認,https://instagram.com/mikuni.takahashi__,未確認,未確認,2026-08-26
日向坂46,坂道シリーズ,竹内希来里,current,member,未確認,https://www.instagram.com/kirari.takeuchi_official,未確認,未確認,2026-08-26
日向坂46,坂道シリーズ,鶴崎仁香,current,member,未確認,未確認,未確認,未確認,2026-08-26
日向坂46,坂道シリーズ,平尾帆夏,current,member,未確認,https://www.instagram.com/hiraho.official,未確認,未確認,2026-08-26
日向坂46,坂道シリーズ,平岡海月,current,member,未確認,https://www.instagram.com/mitsuki.hiraoka,未確認,未確認,2026-08-26
日向坂46,坂道シリーズ,藤嶌果歩,current,member,未確認,https://www.instagram.com/kaho.fujishima_official,未確認,未確認,2026-08-26
日向坂46,坂道シリーズ,松尾桜,current,member,未確認,未確認,未確認,未確認,2026-08-26
日向坂46,坂道シリーズ,宮地すみれ,current,member,未確認,未確認,未確認,未確認,2026-08-26
日向坂46,坂道シリーズ,森本茉莉,current,member,未確認,https://www.instagram.com/mariemorimoto_official,未確認,未確認,2026-08-26
日向坂46,坂道シリーズ,山口陽世,current,member,未確認,https://www.instagram.com/haruyoyamaguchi.official,未確認,未確認,2026-08-26
日向坂46,坂道シリーズ,山下葉留花,current,member,未確認,https://www.instagram.com/haruka.yamashita.official,未確認,未確認,2026-08-26
日向坂46,坂道シリーズ,渡辺莉奈,current,member,未確認,未確認,未確認,未確認,2026-08-26
のんふぃく！,HEROINES,恋星はるか,current,member,https://x.com/Haru_nonfic,未確認,未確認,未確認,2026-08-26
のんふぃく！,HEROINES,水瀬ぴあの,current,member,https://x.com/Piano_nonfic,未確認,未確認,未確認,2026-08-26
のんふぃく！,HEROINES,永月十華,current,member,https://x.com/Touka_nonfic,未確認,未確認,未確認,2026-08-26
のんふぃく！,HEROINES,海まりん,current,member,https://x.com/Marin_nonfic,未確認,未確認,未確認,2026-08-26
のんふぃく！,HEROINES,こるね,current,member,https://x.com/colne_icol,未確認,未確認,未確認,2026-08-26
のんふぃく！,HEROINES,香月あむ,current,member,https://x.com/Amu_nonfic,未確認,未確認,未確認,2026-08-26
のんふぃく！,HEROINES,澪織にいな,current,member,https://x.com/Niina_nonfic,未確認,未確認,未確認,2026-08-26
のんふぃく！,HEROINES,小枝ここあ,current,member,https://x.com/Cocoa_nonfic,未確認,未確認,未確認,2026-08-26
のんふぃく！,HEROINES,砂糖みるく,current,member,https://x.com/Milk_nonfic,未確認,未確認,未確認,2026-08-26
私立恵比寿中学,STARDUST,真山りか,current,member,未確認,未確認,https://www.tiktok.com/@mayama_rika,未確認,2026-08-26
私立恵比寿中学,STARDUST,安本彩花,current,member,未確認,未確認,https://www.tiktok.com/@ayakayasumoto_official,未確認,2026-08-26
私立恵比寿中学,STARDUST,中山莉子,current,member,未確認,未確認,https://www.tiktok.com/@nakayama_riko,未確認,2026-08-26
私立恵比寿中学,STARDUST,桜木心菜,current,member,未確認,未確認,https://www.tiktok.com/@cocona_sakuragi_official,未確認,2026-08-26
私立恵比寿中学,STARDUST,小久保柚乃,current,member,未確認,未確認,https://www.tiktok.com/@kokubo_yuno,未確認,2026-08-26
私立恵比寿中学,STARDUST,風見和香,current,member,未確認,未確認,https://www.tiktok.com/@nonoka_kazami_official,未確認,2026-08-26
私立恵比寿中学,STARDUST,桜井えま,current,member,未確認,未確認,https://www.tiktok.com/@emma_sakurai_official,未確認,2026-08-26
私立恵比寿中学,STARDUST,仲村悠菜,current,member,未確認,未確認,https://www.tiktok.com/@nakamura_yuna,未確認,2026-08-26
≒JOY,イコノイジョイ,逢田珠里依,current,member,https://x.com/aida_jurii,https://www.instagram.com/aida_jurii__/,未確認,未確認,2026-08-26
≒JOY,イコノイジョイ,天野香乃愛,current,member,https://x.com/amano_konoa,https://www.instagram.com/amano_konoa__/,https://www.tiktok.com/@nearlyequal_joy_konoa,未確認,2026-08-26
≒JOY,イコノイジョイ,市原愛弓,current,member,https://x.com/ichihara_ayumi_,https://www.instagram.com/ichihara_ayumi_/,https://www.tiktok.com/@nearlyequal_joy_ayumi,未確認,2026-08-26
≒JOY,イコノイジョイ,江角怜音,current,member,https://x.com/esumi_renon,https://www.instagram.com/esumi_renon/,未確認,未確認,2026-08-26
≒JOY,イコノイジョイ,大信田美月,current,member,https://x.com/oshida_mitsuki,https://www.instagram.com/oshida_mitsuki/,https://www.tiktok.com/@nearlyequal_joy_mitsuki,未確認,2026-08-26
≒JOY,イコノイジョイ,大西葵,current,member,https://x.com/onishi_aoi,https://www.instagram.com/onishi_aoi_/,https://www.tiktok.com/@nearlyequal_joy_aoi,未確認,2026-08-26
≒JOY,イコノイジョイ,小澤愛実,current,member,https://x.com/ozawa_aimi__,https://www.instagram.com/ozawa_aimi_/,未確認,未確認,2026-08-26
≒JOY,イコノイジョイ,髙橋舞,current,member,https://x.com/takahashi_mai__,https://www.instagram.com/takahashi_mai__/,未確認,未確認,2026-08-26
≒JOY,イコノイジョイ,藤沢莉子,current,member,https://x.com/fujisawa_riko,https://instagram.com/fujisawa_riko/,未確認,未確認,2026-08-26
≒JOY,イコノイジョイ,村山結香,current,member,https://x.com/murayama_yuuka,https://www.instagram.com/murayama_yuuka_/,未確認,未確認,2026-08-26
≒JOY,イコノイジョイ,山田杏佳,current,member,https://x.com/yamada_momoka__,https://instagram.com/yamada_momoka_/,https://www.tiktok.com/@nearlyequal_joy_momoka,未確認,2026-08-26
≒JOY,イコノイジョイ,山野愛月,current,member,https://x.com/yamano_arisu,https://instagram.com/yamano_arisu_/,https://www.tiktok.com/@nearlyequal_joy_arisu,未確認,2026-08-26
いぎなり東北産,STARDUST,橘花怜,current,member,未確認,https://www.instagram.com/tachibana_karen_official/,未確認,未確認,2026-08-26
いぎなり東北産,STARDUST,律月ひかる,current,member,未確認,https://www.instagram.com/ritsuki_hikaru_official/,未確認,未確認,2026-08-26
いぎなり東北産,STARDUST,北美梨寧,current,member,未確認,https://www.instagram.com/rine5__28/,未確認,未確認,2026-08-26
いぎなり東北産,STARDUST,安杜羽加,current,member,未確認,https://www.instagram.com/yasumori_waka_official/,未確認,未確認,2026-08-26
いぎなり東北産,STARDUST,吉瀬真珠,current,member,未確認,https://www.instagram.com/shinju_hello/,未確認,未確認,2026-08-26
いぎなり東北産,STARDUST,桜ひなの,current,member,未確認,https://www.instagram.com/hinano_sakura_official/,未確認,未確認,2026-08-26
いぎなり東北産,STARDUST,藤谷美海,current,member,未確認,https://www.instagram.com/lucky_39_official/,未確認,未確認,2026-08-26
いぎなり東北産,STARDUST,伊達花彩,current,member,未確認,https://www.instagram.com/date_kahya_official/,未確認,未確認,2026-08-26
いぎなり東北産,STARDUST,葉月結菜,current,member,未確認,https://www.instagram.com/yuna_hazuki_0915/,未確認,未確認,2026-08-26
夜光性アミューズ,HEROINES,みぽたぽた,current,member,https://x.com/mipo_yoruami,未確認,未確認,未確認,2026-08-26
夜光性アミューズ,HEROINES,白空こあい,current,member,https://x.com/coai_yoruami,未確認,未確認,未確認,2026-08-26
夜光性アミューズ,HEROINES,ふてこ,current,member,https://x.com/futeko_yoruami,未確認,未確認,未確認,2026-08-26
夜光性アミューズ,HEROINES,炎谷莉奈,current,member,https://x.com/rina_yoruami,未確認,未確認,未確認,2026-08-26
夜光性アミューズ,HEROINES,水萌しゅる,current,member,https://x.com/shuru_yoruami,未確認,未確認,未確認,2026-08-26
夜光性アミューズ,HEROINES,心恋きゅん,current,member,https://x.com/kyun_yoruami,未確認,未確認,未確認,2026-08-26
夜光性アミューズ,HEROINES,月祈まりあ,current,member,https://x.com/maria_yoruami,未確認,未確認,未確認,2026-08-26
夜光性アミューズ,HEROINES,琴音ふりる,current,member,https://x.com/furiru_yoruami,未確認,未確認,未確認,2026-08-26
ドレスコード,HEROINES,百宮みも,current,member,https://x.com/dreco_mimo,未確認,未確認,未確認,2026-08-26
ドレスコード,HEROINES,小鈴もゆ,current,member,https://x.com/dreco_moyu,未確認,未確認,未確認,2026-08-26
ドレスコード,HEROINES,御伽りるむ,current,member,https://x.com/dreco_rilum,未確認,未確認,未確認,2026-08-26
ドレスコード,HEROINES,月野あのん,current,member,https://x.com/dreco_anon,未確認,未確認,未確認,2026-08-26
ドレスコード,HEROINES,結音ちゆ,current,member,https://x.com/dreco_chiyu,未確認,未確認,未確認,2026-08-26
ドレスコード,HEROINES,早坂わむ,current,member,https://x.com/dreco_hayasaka,未確認,未確認,未確認,2026-08-26
ドレスコード,HEROINES,秋田こまち,support,support,未確認,未確認,未確認,未確認,2026-08-26
MEGAFON,HEROINES,小晴のか,current,member,未確認,未確認,未確認,未確認,2026-08-26
MEGAFON,HEROINES,星野あみ,current,member,https://x.com/MEGAFON_ami,未確認,未確認,未確認,2026-08-26
MEGAFON,HEROINES,明音いろは,current,member,https://x.com/MEGAFON_iroha,未確認,未確認,未確認,2026-08-26
MEGAFON,HEROINES,羽雲ろこ,current,member,https://x.com/MEGAFON_roko,未確認,未確認,未確認,2026-08-26
MEGAFON,HEROINES,日陽きい,current,member,未確認,未確認,未確認,未確認,2026-08-26
MEGAFON,HEROINES,宮代ゆき,current,member,未確認,未確認,未確認,未確認,2026-08-26
MEGAFON,HEROINES,琴音ふりる,support,support,https://x.com/furiru_yoruami,未確認,未確認,未確認,2026-08-26
iON!,HEROINES,宇野ゆり,current,member,未確認,未確認,未確認,未確認,2026-08-26
iON!,HEROINES,花丸ぺこ,current,member,https://x.com/iON_peco_,未確認,未確認,未確認,2026-08-26
iON!,HEROINES,鈴都りせ,current,member,未確認,未確認,未確認,未確認,2026-08-26
iON!,HEROINES,儚寧この,current,member,https://x.com/iON_kono_,未確認,未確認,未確認,2026-08-26
iON!,HEROINES,伽久耶くらら,current,member,未確認,未確認,未確認,未確認,2026-08-26
iON!,HEROINES,栗栖むぎ,current,member,未確認,未確認,未確認,未確認,2026-08-26
iON!,HEROINES,名雲めんま,current,member,未確認,未確認,未確認,未確認,2026-08-26
iON!,HEROINES,透明くりあ,current,member,https://x.com/iON__kuria_,未確認,未確認,未確認,2026-08-26
ばってん少女隊,STARDUST,希山愛,current,member,https://x.com/kiyamaai_BG,https://www.instagram.com/kiyama_ai_official/,https://www.tiktok.com/@kiyama_ai_official,未確認,2026-08-26
ばってん少女隊,STARDUST,上田理子,current,member,https://x.com/uedariko_BG,https://www.instagram.com/ueda_riko_official/,未確認,未確認,2026-08-26
ばってん少女隊,STARDUST,春乃きいな,current,member,未確認,https://www.instagram.com/haruno_kiina_official/,https://www.tiktok.com/@haruno_kiina_official,未確認,2026-08-26
ばってん少女隊,STARDUST,蒼井りるあ,current,member,未確認,https://www.instagram.com/aoi_rirua_official/,https://www.tiktok.com/@aoi_rirua_official,未確認,2026-08-26
ばってん少女隊,STARDUST,柳美舞,current,member,未確認,https://www.instagram.com/yanagi_miyu_official/,https://www.tiktok.com/@yanagi_miyu_official,未確認,2026-08-26
ばってん少女隊,STARDUST,逢里みう,current,member,未確認,https://www.instagram.com/miu_airi_official/,https://www.tiktok.com/@miu_airi_official,未確認,2026-08-26
ばってん少女隊,STARDUST,日南心那,current,member,未確認,https://www.instagram.com/hinami_kokona_official/,https://www.tiktok.com/@hinami_kokona_official,未確認,2026-08-26
フルコース,HEROINES,阿部菜々実,current,member,https://x.com/FullCo_Nanami,https://www.instagram.com/fullco_nanami,https://www.tiktok.com/@fullco_nanami,未確認,2026-08-26
フルコース,HEROINES,桜咲みはね,current,member,未確認,未確認,未確認,未確認,2026-08-26
フルコース,HEROINES,金城まき,current,member,未確認,未確認,未確認,未確認,2026-08-26
フルコース,HEROINES,小葉こな,current,member,未確認,未確認,未確認,未確認,2026-08-26
フルコース,HEROINES,鈴木遥夏,current,member,未確認,未確認,未確認,未確認,2026-08-26
フルコース,HEROINES,中川心,current,member,未確認,未確認,未確認,未確認,2026-08-26
フルコース,HEROINES,水上凜巳花,current,member,未確認,未確認,未確認,未確認,2026-08-26
ラストシーン,HEROINES,天羽しおり,current,member,未確認,未確認,未確認,未確認,2026-08-26
ラストシーン,HEROINES,佑月いちか,current,member,未確認,未確認,未確認,未確認,2026-08-26
ラストシーン,HEROINES,優木あずさ,current,member,未確認,未確認,未確認,未確認,2026-08-26
ラストシーン,HEROINES,宮瀬うゆ,current,member,未確認,未確認,未確認,未確認,2026-08-26
ラストシーン,HEROINES,古賀みれい,current,member,未確認,未確認,未確認,未確認,2026-08-26
ラストシーン,HEROINES,水空ゆん,current,member,未確認,未確認,未確認,未確認,2026-08-26
ラストシーン,HEROINES,綾乃もな,current,member,未確認,未確認,未確認,未確認,2026-08-26
ラストシーン,HEROINES,椎名すず,support,support,未確認,未確認,未確認,未確認,2026-08-26
GILTY x GILTY,HEROINES,蒼井叶,current,member,未確認,未確認,未確認,未確認,2026-08-26
GILTY x GILTY,HEROINES,白雪姫乃,current,member,未確認,未確認,未確認,未確認,2026-08-26
GILTY x GILTY,HEROINES,白空こあい,current,member,未確認,未確認,未確認,未確認,2026-08-26
GILTY x GILTY,HEROINES,恋星はるか,current,member,未確認,未確認,未確認,未確認,2026-08-26
GILTY x GILTY,HEROINES,心花りり,current,member,未確認,未確認,未確認,未確認,2026-08-26
i-COL,HEROINES,あいす,current,member,https://x.com/ice_icol,未確認,未確認,未確認,2026-08-26
i-COL,HEROINES,こるね,current,member,https://x.com/colne_icol,未確認,未確認,未確認,2026-08-26
AdamLilith,HEROINES,夜宵やむ,current,member,https://x.com/yamu_adamth,未確認,未確認,未確認,2026-08-26
AdamLilith,HEROINES,響羽凛瞳,current,member,https://x.com/rizu_adamth,未確認,未確認,未確認,2026-08-26
AdamLilith,HEROINES,都ユナ,current,member,未確認,未確認,未確認,未確認,2026-08-26
AdamLilith,HEROINES,三木レイ,current,member,https://x.com/ray_adamth,未確認,未確認,未確認,2026-08-26
TENRIN,HEROINES,のもあちゃちゃ,current,member,https://x.com/Chacha_TENRIN,未確認,未確認,未確認,2026-08-26
TENRIN,HEROINES,白洲あやん,current,member,https://x.com/Ayan_TENRIN,未確認,未確認,未確認,2026-08-26
TENRIN,HEROINES,七瀬にこ,current,member,https://x.com/Nico_TENRIN,未確認,未確認,未確認,2026-08-26
TENRIN,HEROINES,蓮花うらら,current,member,https://x.com/Lenge_TENRIN,未確認,未確認,未確認,2026-08-26
TENRIN,HEROINES,霞あげは,current,member,https://x.com/Ageha_TENRIN,未確認,未確認,未確認,2026-08-26
TENRIN,HEROINES,甘音ゆあ,current,member,https://x.com/Amane_TENRIN,未確認,未確認,未確認,2026-08-26
TENRIN,HEROINES,刻乃なう,current,member,https://x.com/Now_TENRIN,未確認,未確認,未確認,2026-08-26
TENRIN,HEROINES,音瀬歩兎,current,member,https://x.com/Alto_TENRIN,未確認,未確認,未確認,2026-08-26
LADYBABY,HEROINES,神黎ミア,current,member,未確認,未確認,未確認,未確認,2026-08-26
LADYBABY,HEROINES,來崎せな,current,member,未確認,未確認,未確認,未確認,2026-08-26
LADYBABY,HEROINES,月街えい,current,member,未確認,未確認,未確認,未確認,2026-08-26
LADYBABY,HEROINES,越智きの,current,member,未確認,未確認,未確認,未確認,2026-08-26
chuLa,HEROINES,明鏡みらの,current,member,未確認,未確認,未確認,未確認,2026-08-26
chuLa,HEROINES,はまちひよ,current,member,未確認,未確認,未確認,未確認,2026-08-26
chuLa,HEROINES,茉野ゆに,current,member,未確認,未確認,未確認,未確認,2026-08-26
chuLa,HEROINES,飴色りんご,current,member,未確認,未確認,未確認,未確認,2026-08-26
chuLa,HEROINES,世野つばさ,current,member,未確認,未確認,未確認,未確認,2026-08-26
chuLa,HEROINES,紫藤らら,current,member,未確認,未確認,未確認,未確認,2026-08-26
chuLa,HEROINES,陽咲みお,current,member,未確認,未確認,未確認,未確認,2026-08-26
アキシブproject,HEROINES,葵ふう,current,member,未確認,未確認,未確認,未確認,2026-08-26
アキシブproject,HEROINES,如月なな,current,member,未確認,未確認,未確認,未確認,2026-08-26
アキシブproject,HEROINES,清見るん,current,member,未確認,未確認,未確認,未確認,2026-08-26
アキシブproject,HEROINES,茉井良菜,current,member,未確認,未確認,未確認,未確認,2026-08-26
アキシブproject,HEROINES,水琴まなみ,current,member,未確認,未確認,未確認,未確認,2026-08-26
アキシブproject,HEROINES,夢咲ありさ,current,member,未確認,未確認,未確認,未確認,2026-08-26
アキシブproject,HEROINES,天川ほたる,current,member,未確認,未確認,未確認,未確認,2026-08-26
パラディーク,HEROINES,水野めい,current,member,未確認,未確認,未確認,未確認,2026-08-26
パラディーク,HEROINES,来栖ゆる,current,member,未確認,未確認,未確認,未確認,2026-08-26
パラディーク,HEROINES,浜辺しずく,current,member,未確認,未確認,未確認,未確認,2026-08-26
パラディーク,HEROINES,新木るの,current,member,未確認,未確認,未確認,未確認,2026-08-26
パラディーク,HEROINES,灯田にじ,current,member,未確認,未確認,未確認,未確認,2026-08-26
パラディーク,HEROINES,桜空ちゅいん,current,member,未確認,未確認,未確認,未確認,2026-08-26
パラディーク,HEROINES,雛月ひな,current,member,未確認,未確認,未確認,未確認,2026-08-26
パラディーク,HEROINES,楪みかん,current,member,未確認,未確認,未確認,未確認,2026-08-26
パラディーク,HEROINES,氷雨ここな,current,member,未確認,未確認,未確認,未確認,2026-08-26
Ill,HEROINES,蒼井叶,current,member,未確認,未確認,未確認,未確認,2026-08-26
Ill,HEROINES,白雪姫乃,current,member,未確認,未確認,未確認,未確認,2026-08-26
Ill,HEROINES,紫ノ色,current,member,未確認,未確認,未確認,未確認,2026-08-26
Ill,HEROINES,森緑藻,current,member,未確認,未確認,未確認,未確認,2026-08-26
MISS MERCY,STARDUST,MIYU,current,member,https://x.com/miyu__fukushima,https://www.instagram.com/miyu._.fukushima/,未確認,未確認,2026-08-26
MISS MERCY,STARDUST,SARA,current,member,未確認,https://www.instagram.com/sara_takaoka_.u_u/,未確認,未確認,2026-08-26
MISS MERCY,STARDUST,SHUKA,current,member,https://x.com/shuka_gushi,https://www.instagram.com/shuka_missmercy/,未確認,未確認,2026-08-26
MISS MERCY,STARDUST,ION,current,member,未確認,未確認,未確認,未確認,2026-08-26
MISS MERCY,STARDUST,YUKI,current,member,未確認,https://www.instagram.com/yuki__shioya/,未確認,未確認,2026-08-26
MISS MERCY,STARDUST,KAREN,current,member,未確認,https://www.instagram.com/karen_kubo_official/,未確認,未確認,2026-08-26
MISS MERCY,STARDUST,COCONA,current,member,未確認,https://www.instagram.com/cocona_fujitani/,未確認,未確認,2026-08-26
テンシンランマン,HEROINES,琴音うな,current,member,未確認,未確認,未確認,未確認,2026-08-26
テンシンランマン,HEROINES,小倉あずき,current,member,未確認,未確認,未確認,未確認,2026-08-26
テンシンランマン,HEROINES,味園そら,current,member,未確認,未確認,未確認,未確認,2026-08-26
テンシンランマン,HEROINES,織田こゆん,current,member,未確認,未確認,未確認,未確認,2026-08-26
テンシンランマン,HEROINES,海老原てん,current,member,未確認,未確認,未確認,未確認,2026-08-26
テンシンランマン,HEROINES,大須かのん,current,member,未確認,未確認,未確認,未確認,2026-08-26
テンシンランマン,HEROINES,豊田もも,current,member,未確認,未確認,未確認,未確認,2026-08-26
ナナコロビヤオキ,HEROINES,苺川えくぼ,current,member,https://x.com/ekubo_nanakoro,未確認,未確認,未確認,2026-08-26
ナナコロビヤオキ,HEROINES,熊ノ実にも,current,member,未確認,未確認,未確認,未確認,2026-08-26
ナナコロビヤオキ,HEROINES,長居しいな,current,member,https://x.com/shiina_nanakoro,未確認,未確認,未確認,2026-08-26
ナナコロビヤオキ,HEROINES,水田茉莉,current,member,https://x.com/mari_nanakoro,未確認,未確認,未確認,2026-08-26
ナナコロビヤオキ,HEROINES,瀬戸内れもん,current,member,https://x.com/lemon_nanakoro,未確認,未確認,未確認,2026-08-26
ナナコロビヤオキ,HEROINES,阪菜りこ,current,member,https://x.com/riko_nanakoro,未確認,未確認,未確認,2026-08-26
ナナコロビヤオキ,HEROINES,笑乃にな,current,member,https://x.com/nina_nanakoro,未確認,未確認,未確認,2026-08-26
ナナコロビヤオキ,HEROINES,歌花てんか,current,member,https://x.com/tenka_nanakoro,未確認,未確認,未確認,2026-08-26
ZUTTOMOTTO,HEROINES,椎名すず,current,member,未確認,未確認,未確認,未確認,2026-08-26
ZUTTOMOTTO,HEROINES,真空せいら,current,member,未確認,未確認,未確認,未確認,2026-08-26
ZUTTOMOTTO,HEROINES,四宮える,current,member,未確認,未確認,未確認,未確認,2026-08-26
ZUTTOMOTTO,HEROINES,佐倉あん,current,member,未確認,未確認,未確認,未確認,2026-08-26
ZUTTOMOTTO,HEROINES,青羽わか,current,member,未確認,未確認,未確認,未確認,2026-08-26
ZUTTOMOTTO,HEROINES,望月みら,current,member,未確認,未確認,未確認,未確認,2026-08-26
ZUTTOMOTTO,HEROINES,小紅ゆず,current,member,未確認,未確認,未確認,未確認,2026-08-26
ZUTTOMOTTO,HEROINES,美雲みつき,current,member,未確認,未確認,未確認,未確認,2026-08-26
ZUTTOMOTTO,HEROINES,愛夏ひなた,current,member,未確認,未確認,未確認,未確認,2026-08-26
ZUTTOMOTTO,HEROINES,神谷ひなの,current,member,未確認,未確認,未確認,未確認,2026-08-26
ZUTTOMOTTO,HEROINES,式守くるみ,current,member,未確認,未確認,未確認,未確認,2026-08-26
ハルカエコー,HEROINES,高坂りん,current,member,https://x.com/HARUKAECHO_RIN,未確認,未確認,未確認,2026-08-26
ハルカエコー,HEROINES,平沢かえ,current,member,https://x.com/HARUKAECHO_KAE,未確認,未確認,未確認,2026-08-26
ハルカエコー,HEROINES,雨宮るり,current,member,https://x.com/HARUKAECHO_RURI,未確認,未確認,未確認,2026-08-26
ハルカエコー,HEROINES,神凪みふゆ,current,member,https://x.com/HARUKAECHO_FUYU,未確認,未確認,未確認,2026-08-26
ハルカエコー,HEROINES,常盤うた,current,member,https://x.com/HARUKAECHO_UTA,未確認,未確認,未確認,2026-08-26
ハルカエコー,HEROINES,芦名ゆい,current,member,https://x.com/HARUKAECHO_YUI,未確認,未確認,未確認,2026-08-26
Pastel Closet,HEROINES,安斎みのり,current,member,https://x.com/Pastel_minori,未確認,未確認,未確認,2026-08-26
Pastel Closet,HEROINES,柑乃あい,current,member,https://x.com/Pastel__ai,未確認,未確認,未確認,2026-08-26
Pastel Closet,HEROINES,篠原さくら,current,member,https://x.com/Pastel_sakuraa_,未確認,未確認,未確認,2026-08-26
Pastel Closet,HEROINES,澄原夏帆,current,member,https://x.com/Pastel_kaho,未確認,未確認,未確認,2026-08-26
Pastel Closet,HEROINES,仁科美都,current,member,https://x.com/Pastel_mitsu,未確認,未確認,未確認,2026-08-26
Pastel Closet,HEROINES,花木舞花,current,member,https://x.com/Pastel_Maika,未確認,未確認,未確認,2026-08-26
Pastel Closet,HEROINES,雛城ののか,current,member,未確認,未確認,未確認,未確認,2026-08-26
Pastel Closet,HEROINES,幸野れいあ,current,member,未確認,未確認,未確認,未確認,2026-08-26
RE-GE,STARDUST,白石るり,current,member,未確認,未確認,未確認,未確認,2026-08-26
RE-GE,STARDUST,禾本珠彩,current,member,未確認,未確認,未確認,未確認,2026-08-26
RE-GE,STARDUST,花井心桜,current,member,未確認,未確認,未確認,未確認,2026-08-26
RE-GE,STARDUST,高月凛々,current,member,未確認,未確認,未確認,未確認,2026-08-26
RE-GE,STARDUST,田崎杏夏,current,member,未確認,未確認,未確認,未確認,2026-08-26
RE-GE,STARDUST,森瀬こころ,current,member,未確認,未確認,未確認,未確認,2026-08-26
RE-GE,STARDUST,瑞川蒼依,current,member,未確認,未確認,未確認,未確認,2026-08-26
RE-GE,STARDUST,桧山ゆうみ,current,member,未確認,未確認,未確認,未確認,2026-08-26
RE-GE,STARDUST,那須ほほみ,current,member,未確認,未確認,未確認,未確認,2026-08-26
パラレルサイダー,HEROINES,小熊まな香,current,member,未確認,未確認,未確認,未確認,2026-08-26
パラレルサイダー,HEROINES,小坂みおん,current,member,未確認,未確認,未確認,未確認,2026-08-26
パラレルサイダー,HEROINES,葉月みつは,current,member,未確認,未確認,未確認,未確認,2026-08-26
パラレルサイダー,HEROINES,彩音ゆの,current,member,未確認,未確認,未確認,未確認,2026-08-26
パラレルサイダー,HEROINES,宮奈もこ,current,member,https://x.com/moco_parasai,未確認,未確認,未確認,2026-08-26
パラレルサイダー,HEROINES,宇佐美あこ,current,member,未確認,未確認,未確認,未確認,2026-08-26
パラレルサイダー,HEROINES,瀬川なつき,current,member,未確認,未確認,未確認,未確認,2026-08-26
ポンコツコンポ,HEROINES,晴後あめ,current,member,https://x.com/ame_ponkotsu,未確認,未確認,未確認,2026-08-26
ポンコツコンポ,HEROINES,夕葉里めろん,current,member,https://x.com/meron_ponkotsu,未確認,未確認,未確認,2026-08-26
ポンコツコンポ,HEROINES,秋田こまち,current,member,https://x.com/koma_ponkotsu,未確認,未確認,未確認,2026-08-26
ポンコツコンポ,HEROINES,一蘭,current,member,https://x.com/ran_ponkotsu,未確認,未確認,未確認,2026-08-26
ポンコツコンポ,HEROINES,甘杉あぽろ,current,member,https://x.com/aporo_ponkotsu,未確認,未確認,未確認,2026-08-26
ポンコツコンポ,HEROINES,海苔巻うに,current,member,未確認,未確認,未確認,未確認,2026-08-26
ポンコツコンポ,HEROINES,ショー☆タイム,current,member,未確認,未確認,未確認,未確認,2026-08-26
CAL&RES,HEROINES,夢羽るる,current,member,https://x.com/ruru_calres,未確認,未確認,未確認,2026-08-26
CAL&RES,HEROINES,来夢ねお,current,member,https://x.com/neo_calres,未確認,未確認,未確認,2026-08-26
CAL&RES,HEROINES,九条あすな,current,member,https://x.com/asuna_calres,未確認,未確認,未確認,2026-08-26
CAL&RES,HEROINES,明日実まあや,current,member,https://x.com/maaya_calres,未確認,未確認,未確認,2026-08-26
CAL&RES,HEROINES,宮本みい,current,member,https://x.com/mii_calres,未確認,未確認,未確認,2026-08-26
CAL&RES,HEROINES,藤邑あやめ,current,member,https://x.com/ayame_calres,未確認,未確認,未確認,2026-08-26
CAL&RES,HEROINES,萌木りりな,current,member,https://x.com/ririna_calres,未確認,未確認,未確認,2026-08-26
ヒロインズ研究生,HEROINES,綾瀬めめ,current,trainee,未確認,未確認,未確認,未確認,2026-08-26
ヒロインズ研究生,HEROINES,広瀬りむ,current,trainee,未確認,未確認,未確認,未確認,2026-08-26
ヒロインズ研究生,HEROINES,白石あゆ,current,trainee,未確認,未確認,未確認,未確認,2026-08-26
ヒロインズ研究生,HEROINES,小菜実こゆ,current,trainee,未確認,未確認,未確認,未確認,2026-08-26
ヒロインズ研究生,HEROINES,白鳥ちな,current,trainee,未確認,未確認,未確認,未確認,2026-08-26
ヒロインズ研究生,HEROINES,可愛川ここ,current,trainee,未確認,未確認,未確認,未確認,2026-08-26
ヒロインズ研究生,HEROINES,花森ぴの,current,trainee,未確認,未確認,未確認,未確認,2026-08-26
ヒロインズ研究生,HEROINES,小梅ちろ,current,trainee,未確認,未確認,未確認,未確認,2026-08-26
ヒロインズ研究生,HEROINES,有舞ねおん,current,trainee,未確認,未確認,未確認,未確認,2026-08-26
ヒロインズ研究生,HEROINES,芽野りりあ,current,trainee,未確認,未確認,未確認,未確認,2026-08-26
ヒロインズ研究生,HEROINES,矢乃ひまり,current,trainee,未確認,未確認,未確認,未確認,2026-08-26
ヒロインズ研究生,HEROINES,鳴雷びび,current,trainee,未確認,未確認,未確認,未確認,2026-08-26
ヒロインズ研究生,HEROINES,逢坂めるむ,current,trainee,未確認,未確認,未確認,未確認,2026-08-26
ヒロインズ研究生大阪,HEROINES,不破ふわり,current,trainee,未確認,未確認,未確認,未確認,2026-08-26
ヒロインズ研究生大阪,HEROINES,鹿野こなほ,current,trainee,未確認,未確認,未確認,未確認,2026-08-26
ヒロインズ研究生大阪,HEROINES,千鳥もえ,current,trainee,未確認,未確認,未確認,未確認,2026-08-26
ヒロインズ研究生大阪,HEROINES,御堂筋ぴこ,current,trainee,未確認,未確認,未確認,未確認,2026-08-26
ヒロインズ研究生大阪,HEROINES,桃谷りの,current,trainee,未確認,未確認,未確認,未確認,2026-08-26
ヒロインズ研究生大阪,HEROINES,北浜そふと,current,trainee,未確認,未確認,未確認,未確認,2026-08-26
ヒロインズ研究生大阪,HEROINES,汐見らう,current,trainee,未確認,未確認,未確認,未確認,2026-08-26
ヒロインズ研究生大阪,HEROINES,笑門りい,current,trainee,未確認,未確認,未確認,未確認,2026-08-26
ヒロインズ研究生大阪,HEROINES,小花衣はお,current,trainee,未確認,未確認,未確認,未確認,2026-08-26
ヒロインズ研究生大阪,HEROINES,安良城いと,current,trainee,未確認,未確認,未確認,未確認,2026-08-26
